{"data":[{"GPOChanges":{"LocalAdmins":[],"RemoteDesktopUsers":[],"DcomUsers":[],"PSRemoteUsers":[],"AffectedComputers":[{"ObjectIdentifier":"S-1-5-21-1677581083-3380853377-188903654-1000","ObjectType":"Computer"}]},"Properties":{"domain":"SUPPORT.HTB","name":"DOMAIN CONTROLLERS@SUPPORT.HTB","distinguishedname":"OU=DOMAIN CONTROLLERS,DC=SUPPORT,DC=HTB","domainsid":"S-1-5-21-1677581083-3380853377-188903654","doesanyacegrantownerrights":false,"doesanyinheritedacegrantownerrights":false,"isaclprotected":false,"description":"Default container for domain controllers","whencreated":1653735715,"blocksinheritance":false},"Links":[{"IsEnforced":false,"GUID":"7FDFC447-ADE5-4075-A37E-DDF85850C703"}],"ChildObjects":[],"InheritanceHashes":[],"Aces":[{"PrincipalSID":"S-1-5-21-1677581083-3380853377-188903654-512","PrincipalType":"Group","RightName":"Owns","IsInherited":false,"InheritanceHash":""},{"PrincipalSID":"S-1-5-21-1677581083-3380853377-188903654-512","PrincipalType":"Group","RightName":"WriteDacl","IsInherited":false,"InheritanceHash":""},{"PrincipalSID":"S-1-5-21-1677581083-3380853377-188903654-512","PrincipalType":"Group","RightName":"WriteOwner","IsInherited":false,"InheritanceHash":""},{"PrincipalSID":"S-1-5-21-1677581083-3380853377-188903654-512","PrincipalType":"Group","RightName":"GenericWrite","IsInherited":false,"InheritanceHash":""},{"PrincipalSID":"S-1-5-21-1677581083-3380853377-188903654-519","PrincipalType":"Group","RightName":"GenericAll","IsInherited":true,"InheritanceHash":"FD00FEB817A9AD0258914EFCA7273405951B7BD9"},{"PrincipalSID":"SUPPORT.HTB-S-1-5-32-544","PrincipalType":"Group","RightName":"WriteDacl","IsInherited":true,"InheritanceHash":"62C26D4FB3FF64505B03CDD35D648DFBC6C157CC"},{"PrincipalSID":"SUPPORT.HTB-S-1-5-32-544","PrincipalType":"Group","RightName":"WriteOwner","IsInherited":true,"InheritanceHash":"62C26D4FB3FF64505B03CDD35D648DFBC6C157CC"},{"PrincipalSID":"SUPPORT.HTB-S-1-5-32-544","PrincipalType":"Group","RightName":"GenericWrite","IsInherited":true,"InheritanceHash":"62C26D4FB3FF64505B03CDD35D648DFBC6C157CC"}],"ObjectIdentifier":"4987FCAD-9C12-4084-8382-029B2806EF1A","IsDeleted":false,"IsACLProtected":false,"ContainedBy":{"ObjectIdentifier":"S-1-5-21-1677581083-3380853377-188903654","ObjectType":"Domain"}}],"meta":{"methods":15725567,"type":"ous","count":1,"version":6,"collectorversion":"2.6.7.0"}}