{"data":[{"Properties":{"domain":"SUPPORT.HTB","name":"DC.SUPPORT.HTB","distinguishedname":"CN=DC,OU=DOMAIN CONTROLLERS,DC=SUPPORT,DC=HTB","domainsid":"S-1-5-21-1677581083-3380853377-188903654","samaccountname":"DC$","haslaps":false,"doesanyacegrantownerrights":false,"doesanyinheritedacegrantownerrights":false,"isaclprotected":false,"whencreated":1653735823,"enabled":true,"unconstraineddelegation":true,"trustedtoauth":false,"isdc":true,"encryptedtextpwdallowed":false,"usedeskeyonly":false,"logonscriptenabled":false,"lockedout":false,"passwordexpired":false,"supportedencryptiontypes":["RC4-HMAC-MD5","AES128-CTS-HMAC-SHA1-96","AES256-CTS-HMAC-SHA1-96"],"lastlogon":1750161655,"lastlogontimestamp":1750132884,"pwdlastset":1750132872,"serviceprincipalnames":["Dfsr-12F9A27C-BF97-4787-9364-D31B6C55EB04/dc.support.htb","ldap/dc.support.htb/ForestDnsZones.support.htb","ldap/dc.support.htb/DomainDnsZones.support.htb","DNS/dc.support.htb","GC/dc.support.htb/support.htb","RestrictedKrbHost/dc.support.htb","RestrictedKrbHost/DC","RPC/290156e5-22cb-4f1b-9b96-5516d84c363c._msdcs.support.htb","HOST/DC/SUPPORT","HOST/dc.support.htb/SUPPORT","HOST/DC","HOST/dc.support.htb","HOST/dc.support.htb/support.htb","E3514235-4B06-11D1-AB04-00C04FC2DCD2/290156e5-22cb-4f1b-9b96-5516d84c363c/support.htb","ldap/DC/SUPPORT","ldap/290156e5-22cb-4f1b-9b96-5516d84c363c._msdcs.support.htb","ldap/dc.support.htb/SUPPORT","ldap/DC","ldap/dc.support.htb","ldap/dc.support.htb/support.htb"],"email":null,"useraccountcontrol":532480,"operatingsystem":"Windows Server 2022 Standard","sidhistory":[],"ldapavailable":true,"ldapsavailable":true,"ldapsepa":true,"ldapsigning":true},"PrimaryGroupSID":"S-1-5-21-1677581083-3380853377-188903654-516","AllowedToDelegate":[],"AllowedToAct":[],"HasSIDHistory":[],"DumpSMSAPassword":[],"Sessions":{"Results":[],"Collected":false,"FailureReason":"ErrorAccessDenied"},"PrivilegedSessions":{"Results":[],"Collected":false,"FailureReason":"ErrorAccessDenied"},"RegistrySessions":{"Results":[{"UserSID":"S-1-5-21-1677581083-3380853377-188903654-1105","ComputerSID":"S-1-5-21-1677581083-3380853377-188903654-1000"},{"UserSID":"S-1-5-21-1677581083-3380853377-188903654-500","ComputerSID":"S-1-5-21-1677581083-3380853377-188903654-1000"}],"Collected":true,"FailureReason":null},"LocalGroups":[{"ObjectIdentifier":"SUPPORT.HTB-S-1-5-32-549","Name":"IGNOREME","Results":[],"LocalNames":[],"Collected":true,"FailureReason":null},{"ObjectIdentifier":"SUPPORT.HTB-S-1-5-32-548","Name":"IGNOREME","Results":[],"LocalNames":[],"Collected":true,"FailureReason":null},{"ObjectIdentifier":"SUPPORT.HTB-S-1-5-32-554","Name":"IGNOREME","Results":[{"ObjectIdentifier":"SUPPORT.HTB-S-1-5-11","ObjectType":"Group"}],"LocalNames":[],"Collected":true,"FailureReason":null},{"ObjectIdentifier":"SUPPORT.HTB-S-1-5-32-557","Name":"IGNOREME","Results":[],"LocalNames":[],"Collected":true,"FailureReason":null},{"ObjectIdentifier":"SUPPORT.HTB-S-1-5-32-560","Name":"IGNOREME","Results":[{"ObjectIdentifier":"SUPPORT.HTB-S-1-5-9","ObjectType":"Group"}],"LocalNames":[],"Collected":true,"FailureReason":null},{"ObjectIdentifier":"SUPPORT.HTB-S-1-5-32-561","Name":"IGNOREME","Results":[],"LocalNames":[],"Collected":true,"FailureReason":null},{"ObjectIdentifier":"SUPPORT.HTB-S-1-5-32-544","Name":"IGNOREME","Results":[{"ObjectIdentifier":"S-1-5-21-1677581083-3380853377-188903654-500","ObjectType":"User"},{"ObjectIdentifier":"S-1-5-21-1677581083-3380853377-188903654-519","ObjectType":"Group"},{"ObjectIdentifier":"S-1-5-21-1677581083-3380853377-188903654-512","ObjectType":"Group"}],"LocalNames":[],"Collected":true,"FailureReason":null},{"ObjectIdentifier":"SUPPORT.HTB-S-1-5-32-545","Name":"IGNOREME","Results":[{"ObjectIdentifier":"SUPPORT.HTB-S-1-5-11","ObjectType":"Group"},{"ObjectIdentifier":"S-1-5-21-1677581083-3380853377-188903654-513","ObjectType":"Group"}],"LocalNames":[],"Collected":true,"FailureReason":null},{"ObjectIdentifier":"SUPPORT.HTB-S-1-5-32-546","Name":"IGNOREME","Results":[{"ObjectIdentifier":"S-1-5-21-1677581083-3380853377-188903654-501","ObjectType":"User"},{"ObjectIdentifier":"S-1-5-21-1677581083-3380853377-188903654-514","ObjectType":"Group"}],"LocalNames":[],"Collected":true,"FailureReason":null},{"ObjectIdentifier":"SUPPORT.HTB-S-1-5-32-550","Name":"IGNOREME","Results":[],"LocalNames":[],"Collected":true,"FailureReason":null},{"ObjectIdentifier":"SUPPORT.HTB-S-1-5-32-551","Name":"IGNOREME","Results":[],"LocalNames":[],"Collected":true,"FailureReason":null},{"ObjectIdentifier":"SUPPORT.HTB-S-1-5-32-552","Name":"IGNOREME","Results":[],"LocalNames":[],"Collected":true,"FailureReason":null},{"ObjectIdentifier":"SUPPORT.HTB-S-1-5-32-555","Name":"IGNOREME","Results":[],"LocalNames":[],"Collected":true,"FailureReason":null},{"ObjectIdentifier":"SUPPORT.HTB-S-1-5-32-556","Name":"IGNOREME","Results":[],"LocalNames":[],"Collected":true,"FailureReason":null},{"ObjectIdentifier":"SUPPORT.HTB-S-1-5-32-558","Name":"IGNOREME","Results":[],"LocalNames":[],"Collected":true,"FailureReason":null},{"ObjectIdentifier":"SUPPORT.HTB-S-1-5-32-559","Name":"IGNOREME","Results":[],"LocalNames":[],"Collected":true,"FailureReason":null},{"ObjectIdentifier":"SUPPORT.HTB-S-1-5-32-562","Name":"IGNOREME","Results":[],"LocalNames":[],"Collected":true,"FailureReason":null},{"ObjectIdentifier":"SUPPORT.HTB-S-1-5-32-568","Name":"IGNOREME","Results":[{"ObjectIdentifier":"SUPPORT.HTB-S-1-5-17","ObjectType":"User"}],"LocalNames":[],"Collected":true,"FailureReason":null},{"ObjectIdentifier":"SUPPORT.HTB-S-1-5-32-569","Name":"IGNOREME","Results":[],"LocalNames":[],"Collected":true,"FailureReason":null},{"ObjectIdentifier":"SUPPORT.HTB-S-1-5-32-573","Name":"IGNOREME","Results":[],"LocalNames":[],"Collected":true,"FailureReason":null},{"ObjectIdentifier":"SUPPORT.HTB-S-1-5-32-574","Name":"IGNOREME","Results":[],"LocalNames":[],"Collected":true,"FailureReason":null},{"ObjectIdentifier":"SUPPORT.HTB-S-1-5-32-575","Name":"IGNOREME","Results":[],"LocalNames":[],"Collected":true,"FailureReason":null},{"ObjectIdentifier":"SUPPORT.HTB-S-1-5-32-576","Name":"IGNOREME","Results":[],"LocalNames":[],"Collected":true,"FailureReason":null},{"ObjectIdentifier":"SUPPORT.HTB-S-1-5-32-577","Name":"IGNOREME","Results":[],"LocalNames":[],"Collected":true,"FailureReason":null},{"ObjectIdentifier":"SUPPORT.HTB-S-1-5-32-578","Name":"IGNOREME","Results":[],"LocalNames":[],"Collected":true,"FailureReason":null},{"ObjectIdentifier":"SUPPORT.HTB-S-1-5-32-579","Name":"IGNOREME","Results":[],"LocalNames":[],"Collected":true,"FailureReason":null},{"ObjectIdentifier":"SUPPORT.HTB-S-1-5-32-580","Name":"IGNOREME","Results":[{"ObjectIdentifier":"S-1-5-21-1677581083-3380853377-188903654-1105","ObjectType":"User"}],"LocalNames":[],"Collected":true,"FailureReason":null},{"ObjectIdentifier":"SUPPORT.HTB-S-1-5-32-582","Name":"IGNOREME","Results":[],"LocalNames":[],"Collected":true,"FailureReason":null}],"UserRights":[{"Privilege":"SeRemoteInteractiveLogonRight","Results":[],"LocalNames":[],"Collected":false,"FailureReason":"LSAEnumerateAccountsWithUserRights returned StatusAccessDenied"}],"DCRegistryData":{"CertificateMappingMethods":{"Value":0,"Collected":false,"FailureReason":"User does not have the proper permissions to perform this operation"},"StrongCertificateBindingEnforcement":{"Value":0,"Collected":false,"FailureReason":"User does not have the proper permissions to perform this operation"}},"Status":null,"IsDC":true,"UnconstrainedDelegation":true,"DomainSID":"S-1-5-21-1677581083-3380853377-188903654","IsWebClientRunning":{"Result":false,"Collected":true,"FailureReason":null},"SmbInfo":{"Result":{"SigningEnabled":true},"Collected":true,"FailureReason":null},"NtlmSessions":null,"NTLMRegistryData":{"Result":{"RestrictSendingNtlmTraffic":null,"RestrictReceivingNtlmTraffic":null,"NtlmMinServerSec":536870912,"NtlmMinClientSec":536870912,"LmCompatibilityLevel":null,"UseMachineId":null,"RequireSecuritySignature":1,"EnableSecuritySignature":1,"ClientAllowedNTLMServers":null},"Collected":true,"FailureReason":null},"Aces":[{"PrincipalSID":"S-1-5-21-1677581083-3380853377-188903654-512","PrincipalType":"Group","RightName":"Owns","IsInherited":false,"InheritanceHash":""},{"PrincipalSID":"S-1-5-21-1677581083-3380853377-188903654-512","PrincipalType":"Group","RightName":"GenericAll","IsInherited":false,"InheritanceHash":""},{"PrincipalSID":"S-1-5-21-1677581083-3380853377-188903654-1103","PrincipalType":"Group","RightName":"GenericAll","IsInherited":false,"InheritanceHash":""},{"PrincipalSID":"S-1-5-21-1677581083-3380853377-188903654-512","PrincipalType":"Group","RightName":"WriteAccountRestrictions","IsInherited":false,"InheritanceHash":""},{"PrincipalSID":"S-1-5-21-1677581083-3380853377-188903654-526","PrincipalType":"Group","RightName":"AddKeyCredentialLink","IsInherited":true,"InheritanceHash":"7E5910EC4A127BA9A2872EFA7B29721D4BC7467D"},{"PrincipalSID":"S-1-5-21-1677581083-3380853377-188903654-527","PrincipalType":"Group","RightName":"AddKeyCredentialLink","IsInherited":true,"InheritanceHash":"A3E5004FD44C35BEFE1E7CC848C9B31A2A8E7920"},{"PrincipalSID":"S-1-5-21-1677581083-3380853377-188903654-519","PrincipalType":"Group","RightName":"GenericAll","IsInherited":true,"InheritanceHash":"FD00FEB817A9AD0258914EFCA7273405951B7BD9"},{"PrincipalSID":"SUPPORT.HTB-S-1-5-32-544","PrincipalType":"Group","RightName":"WriteDacl","IsInherited":true,"InheritanceHash":"62C26D4FB3FF64505B03CDD35D648DFBC6C157CC"},{"PrincipalSID":"SUPPORT.HTB-S-1-5-32-544","PrincipalType":"Group","RightName":"WriteOwner","IsInherited":true,"InheritanceHash":"62C26D4FB3FF64505B03CDD35D648DFBC6C157CC"},{"PrincipalSID":"SUPPORT.HTB-S-1-5-32-544","PrincipalType":"Group","RightName":"GenericWrite","IsInherited":true,"InheritanceHash":"62C26D4FB3FF64505B03CDD35D648DFBC6C157CC"}],"ObjectIdentifier":"S-1-5-21-1677581083-3380853377-188903654-1000","IsDeleted":false,"IsACLProtected":false,"ContainedBy":{"ObjectIdentifier":"4987FCAD-9C12-4084-8382-029B2806EF1A","ObjectType":"OU"}}],"meta":{"methods":15725567,"type":"computers","count":1,"version":6,"collectorversion":"2.6.7.0"}}